"","date","k","iv","tau"
"1","2015-10-14 15:30:00",0.0302616990710171,0.124509208683124,0.0247716894977169
"2","2015-10-14 15:30:00",0.0278256442731361,0.123879417085737,0.0247716894977169
"3","2015-10-14 15:30:00",0.0253836406175844,0.125181416976414,0.0247716894977169
"4","2015-10-14 15:30:00",0.0229356589789442,0.123129260819643,0.0247716894977169
"5","2015-10-14 15:30:00",0.0204816700173775,0.126128245067942,0.0247716894977169
"6","2015-10-14 15:30:00",0.0180216441765152,0.131090045409131,0.0247716894977169
"7","2015-10-14 15:30:00",0.0155555516813217,0.133630189577457,0.0247716894977169
"8","2015-10-14 15:30:00",0.0130833625359325,0.136926089906825,0.0247716894977169
"9","2015-10-14 15:30:00",0.0106050465214655,0.138991063105076,0.0247716894977169
"10","2015-10-14 15:30:00",0.0081205731938036,0.143383956382989,0.0247716894977169
"11","2015-10-14 15:30:00",0.00562991188135177,0.146586249918883,0.0247716894977169
"12","2015-10-14 15:30:00",0.00313303168276462,0.150168913858412,0.0247716894977169
"13","2015-10-14 15:30:00",0.000629901464645924,0.153002463171233,0.0247716894977169
"14","2015-10-14 15:30:00",-0.00187951014077978,0.15657585861194,0.0247716894977169
"15","2015-10-14 15:30:00",-0.00439523473802702,0.158983636213983,0.0247716894977169
"16","2015-10-14 15:30:00",-0.00691730417073695,0.162334405572997,0.0247716894977169
"17","2015-10-14 15:30:00",-0.00944575052409557,0.165745146993017,0.0247716894977169
"18","2015-10-14 15:30:00",-0.0119806061272837,0.169566527605368,0.0247716894977169
"19","2015-10-14 15:30:00",-0.0145219035559562,0.172361704542662,0.0247716894977169
"20","2015-10-14 15:30:00",-0.017069675634755,0.175561651203296,0.0247716894977169
"21","2015-10-14 15:30:00",-0.0196239554398517,0.179352529553044,0.0247716894977169
"22","2015-10-14 15:30:00",-0.0221847763015254,0.182339066136322,0.0247716894977169
"23","2015-10-14 15:30:00",-0.0247521718067712,0.185640500056362,0.0247716894977169
"24","2015-10-14 15:30:00",-0.027326175801944,0.189133150475933,0.0247716894977169
"25","2015-10-14 15:30:00",-0.0299068223954357,0.18999488719148,0.0247716894977169
"26","2015-10-14 15:30:00",-0.0324941459603866,0.193454252621902,0.0247716894977169
"27","2015-10-14 15:30:00",-0.0350881811374333,0.197165471653343,0.0247716894977169
"28","2015-10-14 15:30:00",-0.0376889628374906,0.19664898255599,0.0247716894977169
"29","2015-10-14 15:30:00",-0.0402965262445715,0.202025875252832,0.0247716894977169
"30","2015-10-14 15:30:00",-0.048160262704786,0.214685377785013,0.0247716894977169
"31","2015-10-14 15:30:00",-0.0507953103427912,0.217140335305123,0.0247716894977169
"32","2015-10-14 15:30:00",-0.0534373198056298,0.220746694094026,0.0247716894977169
"33","2015-10-14 15:30:00",-0.0560863279772066,0.223391401071183,0.0247716894977169
"34","2015-10-14 15:30:00",-0.058742372035323,0.22760750225351,0.0247716894977169
"35","2015-10-14 15:30:00",-0.0614054894548066,0.234677514624993,0.0247716894977169
"36","2015-10-14 15:30:00",-0.0640757180106856,0.234157907006077,0.0247716894977169
"37","2015-10-14 15:30:00",-0.0667530957814019,0.238280474898212,0.0247716894977169
"38","2015-10-14 15:30:00",-0.0694376611520709,0.231944315893441,0.0247716894977169
"39","2015-10-14 15:30:00",-0.0748285097869474,0.251747852397118,0.0247716894977169
"40","2015-10-14 15:30:00",-0.0802485772562866,0.248097241376629,0.0247716894977169
"41","2015-10-14 15:30:00",0.0449603159844605,0.121586755290996,0.0440639269406392
"42","2015-10-14 15:30:00",0.0425593544469224,0.126089115893603,0.0440639269406392
"43","2015-10-14 15:30:00",0.0401526144163573,0.122073200508715,0.0440639269406392
"44","2015-10-14 15:30:00",0.0377400680109734,0.123846411453411,0.0440639269406392
"45","2015-10-14 15:30:00",0.0353216871466918,0.124639671440939,0.0440639269406392
"46","2015-10-14 15:30:00",0.0328974435351855,0.125593465985575,0.0440639269406392
"47","2015-10-14 15:30:00",0.0304673086818937,0.124830126379923,0.0440639269406392
"48","2015-10-14 15:30:00",0.0280312538840126,0.12711428568332,0.0440639269406392
"49","2015-10-14 15:30:00",0.0255892502284607,0.128705682165809,0.0440639269406392
"50","2015-10-14 15:30:00",0.0231412685898207,0.131181737797087,0.0440639269406392
"51","2015-10-14 15:30:00",0.020687279628254,0.133889789740312,0.0440639269406392
"52","2015-10-14 15:30:00",0.0182272537873917,0.136390084938166,0.0440639269406392
"53","2015-10-14 15:30:00",0.0157611612921983,0.139215237125306,0.0440639269406392
"54","2015-10-14 15:30:00",0.013288972146809,0.141662783549831,0.0440639269406392
"55","2015-10-14 15:30:00",0.010810656132342,0.144575431599545,0.0440639269406392
"56","2015-10-14 15:30:00",0.00832618280468009,0.147930544798348,0.0440639269406392
"57","2015-10-14 15:30:00",0.00583552149222826,0.150828950387323,0.0440639269406392
"58","2015-10-14 15:30:00",0.0033386412936411,0.153630756058387,0.0440639269406392
"59","2015-10-14 15:30:00",0.000835511075522611,0.156676407560035,0.0440639269406392
"60","2015-10-14 15:30:00",-0.00167390052990321,0.159412135223369,0.0440639269406392
"61","2015-10-14 15:30:00",-0.00418962512715057,0.162332133710029,0.0440639269406392
"62","2015-10-14 15:30:00",-0.0067116945598604,0.165031740583741,0.0440639269406392
"63","2015-10-14 15:30:00",-0.00924014091321904,0.167705004153006,0.0440639269406392
"64","2015-10-14 15:30:00",-0.0117749965164072,0.170873164149285,0.0440639269406392
"65","2015-10-14 15:30:00",-0.0143162939450797,0.173323403516532,0.0440639269406392
"66","2015-10-14 15:30:00",-0.0168640660238785,0.176382388179623,0.0440639269406392
"67","2015-10-14 15:30:00",-0.0194183458289752,0.178606686378219,0.0440639269406392
"68","2015-10-14 15:30:00",-0.0219791666906488,0.181561558566956,0.0440639269406392
"69","2015-10-14 15:30:00",-0.0245465621958947,0.184083803243562,0.0440639269406392
"70","2015-10-14 15:30:00",-0.0271205661910675,0.186553219632641,0.0440639269406392
"71","2015-10-14 15:30:00",-0.0297012127845591,0.189410249396313,0.0440639269406392
"72","2015-10-14 15:30:00",-0.0322885363495101,0.19150021523744,0.0440639269406392
"73","2015-10-14 15:30:00",-0.0348825715265567,0.194290526727333,0.0440639269406392
"74","2015-10-14 15:30:00",-0.037483353226614,0.197011963742515,0.0440639269406392
"75","2015-10-14 15:30:00",-0.040090916633695,0.19969805550646,0.0440639269406392
"76","2015-10-14 15:30:00",-0.0427052972077658,0.201884570209966,0.0440639269406392
"77","2015-10-14 15:30:00",-0.04532653068764,0.204593836395477,0.0440639269406392
"78","2015-10-14 15:30:00",-0.0479546530939095,0.207114269657224,0.0440639269406392
"79","2015-10-14 15:30:00",-0.0505897007319146,0.209750093397075,0.0440639269406392
"80","2015-10-14 15:30:00",-0.0532317101947533,0.211313732046985,0.0440639269406392
"81","2015-10-14 15:30:00",-0.0558807183663302,0.213637506602195,0.0440639269406392
"82","2015-10-14 15:30:00",-0.0585367624244464,0.216550871830962,0.0440639269406392
"83","2015-10-14 15:30:00",-0.0611998798439302,0.21909202956945,0.0440639269406392
"84","2015-10-14 15:30:00",-0.063870108399809,0.222001874314982,0.0440639269406392
"85","2015-10-14 15:30:00",-0.0665474861705254,0.22414558237708,0.0440639269406392
"86","2015-10-14 15:30:00",-0.0692320515411944,0.224419026728175,0.0440639269406392
"87","2015-10-14 15:30:00",-0.0719238432069058,0.229883028080867,0.0440639269406392
"88","2015-10-14 15:30:00",-0.0746229001760709,0.227462961342647,0.0440639269406392
"89","2015-10-14 15:30:00",-0.0773292617738138,0.235788414977465,0.0440639269406392
"90","2015-10-14 15:30:00",-0.08004296764541,0.238570205958106,0.0440639269406392
"91","2015-10-14 15:30:00",-0.0827640577597707,0.241019011098469,0.0440639269406392
"92","2015-10-14 15:30:00",-0.0854925724129747,0.244059118554258,0.0440639269406392
"93","2015-10-14 15:30:00",-0.0882285522318494,0.250106323598028,0.0440639269406392
"94","2015-10-14 15:30:00",-0.0909720381776003,0.256042329466534,0.0440639269406392
"95","2015-10-14 15:30:00",-0.0937230715494902,0.259672196780286,0.0440639269406392
"96","2015-10-14 15:30:00",-0.0964816939885698,0.246399904331608,0.0440639269406392
"97","2015-10-14 15:30:00",-0.0992479474814601,0.261855463680375,0.0440639269406392
"98","2015-10-14 15:30:00",-0.110390124034702,0.261134695118833,0.0440639269406392
"99","2015-10-14 15:30:00",-0.121657848881044,0.251769701443602,0.0440639269406392
"100","2015-10-14 15:30:00",-0.127339682348475,0.28955832891738,0.0440639269406392
"101","2015-10-14 15:30:00",0.0528693795235382,0.119976541418075,0.06324200913242
"102","2015-10-14 15:30:00",0.0504855881682619,0.122146774675647,0.06324200913242
"103","2015-10-14 15:30:00",0.0480961007708805,0.118225671570638,0.06324200913242
"104","2015-10-14 15:30:00",0.0457008900449256,0.120693033119812,0.06324200913242
"105","2015-10-14 15:30:00",0.0432999285073873,0.120037976619535,0.06324200913242
"106","2015-10-14 15:30:00",0.0408931884768225,0.122614340090737,0.06324200913242
"107","2015-10-14 15:30:00",0.0384806420714386,0.122772188297111,0.06324200913242
"108","2015-10-14 15:30:00",0.0360622612071569,0.125027375509662,0.06324200913242
"109","2015-10-14 15:30:00",0.0336380175956505,0.124537798440583,0.06324200913242
"110","2015-10-14 15:30:00",0.0312078827423587,0.126007246353466,0.06324200913242
"111","2015-10-14 15:30:00",0.0287718279444777,0.128227864656611,0.06324200913242
"112","2015-10-14 15:30:00",0.0263298242889259,0.130321548764761,0.06324200913242
"113","2015-10-14 15:30:00",0.0238818426502858,0.132446047774278,0.06324200913242
"114","2015-10-14 15:30:00",0.0214278536887191,0.134579101854001,0.06324200913242
"115","2015-10-14 15:30:00",0.0189678278478567,0.137283258821424,0.06324200913242
"116","2015-10-14 15:30:00",0.0165017353526634,0.139663274179016,0.06324200913242
"117","2015-10-14 15:30:00",0.0140295462072743,0.142028960820702,0.06324200913242
"118","2015-10-14 15:30:00",0.0115512301928071,0.144783817817161,0.06324200913242
"119","2015-10-14 15:30:00",0.00906675686514516,0.147282593838721,0.06324200913242
"120","2015-10-14 15:30:00",0.00657609555269325,0.150190304890925,0.06324200913242
"121","2015-10-14 15:30:00",0.00407921535410622,0.152645340947069,0.06324200913242
"122","2015-10-14 15:30:00",0.00157608513598765,0.155305990871208,0.06324200913242
"123","2015-10-14 15:30:00",-0.000933326469438148,0.1578248176439,0.06324200913242
"124","2015-10-14 15:30:00",-0.00344905106668548,0.160354699116485,0.06324200913242
"125","2015-10-14 15:30:00",-0.00597112049939529,0.162924646787083,0.06324200913242
"126","2015-10-14 15:30:00",-0.00849956685275401,0.165565344399018,0.06324200913242
"127","2015-10-14 15:30:00",-0.011034422455942,0.168051040376002,0.06324200913242
"128","2015-10-14 15:30:00",-0.0135757198846146,0.17066766961498,0.06324200913242
"129","2015-10-14 15:30:00",-0.0161234919634132,0.173183632115546,0.06324200913242
"130","2015-10-14 15:30:00",-0.0186777717685101,0.175210113890841,0.06324200913242
"131","2015-10-14 15:30:00",-0.0212385926301838,0.177726114017138,0.06324200913242
"132","2015-10-14 15:30:00",-0.0238059881354295,0.180218998079899,0.06324200913242
"133","2015-10-14 15:30:00",-0.0263799921306024,0.182269382603932,0.06324200913242
"134","2015-10-14 15:30:00",-0.028960638724094,0.184478191687037,0.06324200913242
"135","2015-10-14 15:30:00",-0.031547962289045,0.186729189417076,0.06324200913242
"136","2015-10-14 15:30:00",-0.0341419974660917,0.189216872171573,0.06324200913242
"137","2015-10-14 15:30:00",-0.036742779166149,0.190977071596557,0.06324200913242
"138","2015-10-14 15:30:00",-0.0393503425732299,0.193536673928556,0.06324200913242
"139","2015-10-14 15:30:00",-0.0419647231473006,0.195918090481859,0.06324200913242
"140","2015-10-14 15:30:00",-0.0445859566271749,0.198127431590787,0.06324200913242
"141","2015-10-14 15:30:00",-0.0472140790334444,0.20095419192461,0.06324200913242
"142","2015-10-14 15:30:00",-0.0498491266714495,0.202656370755799,0.06324200913242
"143","2015-10-14 15:30:00",-0.0524911361342882,0.205676426155067,0.06324200913242
"144","2015-10-14 15:30:00",-0.055140144305865,0.207759278288526,0.06324200913242
"145","2015-10-14 15:30:00",-0.0577961883639813,0.20996659052331,0.06324200913242
"146","2015-10-14 15:30:00",-0.0604593057834651,0.211122098062935,0.06324200913242
"147","2015-10-14 15:30:00",-0.0631295343393439,0.213648333417633,0.06324200913242
"148","2015-10-14 15:30:00",-0.0658069121100603,0.215628075941482,0.06324200913242
"149","2015-10-14 15:30:00",-0.0684914774807292,0.218124372395821,0.06324200913242
"150","2015-10-14 15:30:00",-0.0711832691464407,0.221806855535257,0.06324200913242
"151","2015-10-14 15:30:00",-0.0793023935849449,0.227277931433319,0.06324200913242
"152","2015-10-14 15:30:00",-0.0847519983525096,0.231985556077361,0.06324200913242
"153","2015-10-14 15:30:00",-0.0985073734209949,0.244122060977295,0.06324200913242
"154","2015-10-14 15:30:00",-0.10128130030372,0.246743809537186,0.06324200913242
"155","2015-10-14 15:30:00",-0.104062943265597,0.249433670073545,0.06324200913242
"156","2015-10-14 15:30:00",-0.106852345353176,0.251684169011023,0.06324200913242
"157","2015-10-14 15:30:00",-0.109649549974237,0.254848641536574,0.06324200913242
"158","2015-10-14 15:30:00",-0.112454600901845,0.257291208558753,0.06324200913242
"159","2015-10-14 15:30:00",-0.11526754227846,0.259573750946189,0.06324200913242
"160","2015-10-14 15:30:00",-0.120917274820579,0.263780321050074,0.06324200913242
"161","2015-10-14 15:30:00",0.0557913086459823,0.114910612038783,0.0824200913242008
"162","2015-10-14 15:30:00",0.0534131862410147,0.118974451773401,0.0824200913242008
"163","2015-10-14 15:30:00",0.0462446967624023,0.119446713326539,0.0824200913242008
"164","2015-10-14 15:30:00",0.0390244487889151,0.123347480106725,0.0824200913242008
"165","2015-10-14 15:30:00",0.0366060679246335,0.124955324649278,0.0824200913242008
"166","2015-10-14 15:30:00",0.0341818243131272,0.126653693402057,0.0824200913242008
"167","2015-10-14 15:30:00",0.0317516894598353,0.128394867437265,0.0824200913242008
"168","2015-10-14 15:30:00",0.0293156346619542,0.13014840430867,0.0824200913242008
"169","2015-10-14 15:30:00",0.0268736310064025,0.132033806953225,0.0824200913242008
"170","2015-10-14 15:30:00",0.0244256493677625,0.134414667947496,0.0824200913242008
"171","2015-10-14 15:30:00",0.0219716604061958,0.136593699334955,0.0824200913242008
"172","2015-10-14 15:30:00",0.0195116345653333,0.138474945846994,0.0824200913242008
"173","2015-10-14 15:30:00",0.0170455420701398,0.141034738121756,0.0824200913242008
"174","2015-10-14 15:30:00",0.0145733529247508,0.143536517166177,0.0824200913242008
"175","2015-10-14 15:30:00",0.0120950369102838,0.145885851920872,0.0824200913242008
"176","2015-10-14 15:30:00",0.00961056358262189,0.148328825844168,0.0824200913242008
"177","2015-10-14 15:30:00",0.00711990227016984,0.150769055060013,0.0824200913242008
"178","2015-10-14 15:30:00",0.00462302207158269,0.153334034419712,0.0824200913242008
"179","2015-10-14 15:30:00",0.0021198918534642,0.155932992711427,0.0824200913242008
"180","2015-10-14 15:30:00",-0.000389519751961502,0.158259711401129,0.0824200913242008
"181","2015-10-14 15:30:00",-0.00290524434920886,0.160771391066408,0.0824200913242008
"182","2015-10-14 15:30:00",-0.00542731378191868,0.162940433181763,0.0824200913242008
"183","2015-10-14 15:30:00",-0.00795576013527742,0.165334754870287,0.0824200913242008
"184","2015-10-14 15:30:00",-0.0104906157384654,0.167756018189635,0.0824200913242008
"185","2015-10-14 15:30:00",-0.013031913167138,0.169884816100477,0.0824200913242008
"186","2015-10-14 15:30:00",-0.0155796852459367,0.172074570838115,0.0824200913242008
"187","2015-10-14 15:30:00",-0.0181339650510335,0.174229983721625,0.0824200913242008
"188","2015-10-14 15:30:00",-0.0206947859127072,0.176368219642944,0.0824200913242008
"189","2015-10-14 15:30:00",-0.0232621814179529,0.178752000226747,0.0824200913242008
"190","2015-10-14 15:30:00",-0.0258361854131259,0.18091626337465,0.0824200913242008
"191","2015-10-14 15:30:00",-0.0284168320066175,0.182864736831722,0.0824200913242008
"192","2015-10-14 15:30:00",-0.0310041555715684,0.184993024987557,0.0824200913242008
"193","2015-10-14 15:30:00",-0.0335981907486151,0.187199183925304,0.0824200913242008
"194","2015-10-14 15:30:00",-0.0361989724486724,0.18909162572351,0.0824200913242008
"195","2015-10-14 15:30:00",-0.0388065358557533,0.191231058577,0.0824200913242008
"196","2015-10-14 15:30:00",-0.0414209164298241,0.193363450340612,0.0824200913242008
"197","2015-10-14 15:30:00",-0.0440421499096982,0.195505362647282,0.0824200913242008
"198","2015-10-14 15:30:00",-0.0466702723159678,0.197362601051787,0.0824200913242008
"199","2015-10-14 15:30:00",-0.0493053199539729,0.199568946075112,0.0824200913242008
"200","2015-10-14 15:30:00",-0.0519473294168116,0.201341355997844,0.0824200913242008
"201","2015-10-14 15:30:00",-0.0545963375883885,0.203515155442448,0.0824200913242008
"202","2015-10-14 15:30:00",-0.0572523816465047,0.205254369125493,0.0824200913242008
"203","2015-10-14 15:30:00",-0.0599154990659885,0.20782552765074,0.0824200913242008
"204","2015-10-14 15:30:00",-0.0625857276218673,0.209605924056398,0.0824200913242008
"205","2015-10-14 15:30:00",-0.0652631053925837,0.211717574265306,0.0824200913242008
"206","2015-10-14 15:30:00",-0.0679476707632527,0.211494878134367,0.0824200913242008
"207","2015-10-14 15:30:00",-0.0706394624289642,0.212577528889938,0.0824200913242008
"208","2015-10-14 15:30:00",-0.076044880995872,0.216185141491805,0.0824200913242008
"209","2015-10-14 15:30:00",-0.0787585868674684,0.218360165951972,0.0824200913242008
"210","2015-10-14 15:30:00",-0.0842081916350331,0.222334157752442,0.0824200913242008
"211","2015-10-14 15:30:00",-0.0924386907715485,0.228570526977766,0.0824200913242008
"212","2015-10-14 15:30:00",-0.0979635667035184,0.234618950662578,0.0824200913242008
"213","2015-10-14 15:30:00",-0.100737493586244,0.235716073171563,0.0824200913242008
"214","2015-10-14 15:30:00",-0.10351913654812,0.240523703809974,0.0824200913242008
"215","2015-10-14 15:30:00",-0.106308538635699,0.242378461759081,0.0824200913242008
"216","2015-10-14 15:30:00",-0.10910574325676,0.245181760208349,0.0824200913242008
"217","2015-10-14 15:30:00",-0.111910794184369,0.249436627810047,0.0824200913242008
"218","2015-10-14 15:30:00",-0.114723735560983,0.24962154857096,0.0824200913242008
"219","2015-10-14 15:30:00",-0.117544611902625,0.252031659977398,0.0824200913242008
"220","2015-10-14 15:30:00",-0.120373468103102,0.254305532649169,0.0824200913242008
"221","2015-10-14 15:30:00",-0.123210349438302,0.256434318370644,0.0824200913242008
"222","2015-10-14 15:30:00",-0.126055301570533,0.258645184636183,0.0824200913242008
"223","2015-10-14 15:30:00",0.0683400090272917,0.112058728533072,0.100799086757991
"224","2015-10-14 15:30:00",0.0659898316823382,0.113084445879622,0.100799086757991
"225","2015-10-14 15:30:00",0.0636341179898789,0.111780906486001,0.100799086757991
"226","2015-10-14 15:30:00",0.0612728418041992,0.116482419878628,0.100799086757991
"227","2015-10-14 15:30:00",0.0589059767939331,0.116664207122534,0.100799086757991
"228","2015-10-14 15:30:00",0.0565334964403027,0.11684645572463,0.100799086757991
"229","2015-10-14 15:30:00",0.0541553740353353,0.116534300661312,0.100799086757991
"230","2015-10-14 15:30:00",0.0517715826800589,0.116912493374363,0.100799086757991
"231","2015-10-14 15:30:00",0.0493820952826775,0.119093970244534,0.100799086757991
"232","2015-10-14 15:30:00",0.0469868845567227,0.121092330036557,0.100799086757991
"233","2015-10-14 15:30:00",0.0445859230191846,0.121759013141375,0.100799086757991
"234","2015-10-14 15:30:00",0.0421791829886196,0.122954978033086,0.100799086757991
"235","2015-10-14 15:30:00",0.0397666365832355,0.125343819932994,0.100799086757991
"236","2015-10-14 15:30:00",0.037348255718954,0.126839474579351,0.100799086757991
"237","2015-10-14 15:30:00",0.0349240121074476,0.12844020626766,0.100799086757991
"238","2015-10-14 15:30:00",0.0324938772541559,0.131050191585101,0.100799086757991
"239","2015-10-14 15:30:00",0.0276158188007229,0.13492451134423,0.100799086757991
"240","2015-10-14 15:30:00",0.0251678371620829,0.137580379013541,0.100799086757991
"241","2015-10-14 15:30:00",0.0227138482005162,0.138961818505798,0.100799086757991
"242","2015-10-14 15:30:00",0.0202538223596539,0.141375971991038,0.100799086757991
"243","2015-10-14 15:30:00",0.0177877298644605,0.143571740002516,0.100799086757991
"244","2015-10-14 15:30:00",0.0153155407190714,0.14578310353171,0.100799086757991
"245","2015-10-14 15:30:00",0.0128372247046042,0.148739710843346,0.100799086757991
"246","2015-10-14 15:30:00",0.00786209006449046,0.152512213838841,0.100799086757991
"247","2015-10-14 15:30:00",0.0053652098659033,0.154594580692193,0.100799086757991
"248","2015-10-14 15:30:00",0.00286207964778481,0.157452505012816,0.100799086757991
"249","2015-10-14 15:30:00",0.000352668042358879,0.160301010835623,0.100799086757991
"250","2015-10-14 15:30:00",-0.00216305655488837,0.162360268056831,0.100799086757991
"251","2015-10-14 15:30:00",-0.00468512598759819,0.164442217110634,0.100799086757991
"252","2015-10-14 15:30:00",-0.00721357234095683,0.166561360018186,0.100799086757991
"253","2015-10-14 15:30:00",-0.00974842794414495,0.168834932932328,0.100799086757991
"254","2015-10-14 15:30:00",-0.0122897253728175,0.171797082311002,0.100799086757991
"255","2015-10-14 15:30:00",-0.0148374974516163,0.173717403610945,0.100799086757991
"256","2015-10-14 15:30:00",-0.017391777256713,0.175521170356741,0.100799086757991
"257","2015-10-14 15:30:00",-0.0225199936236325,0.180121404639837,0.100799086757991
"258","2015-10-14 15:30:00",-0.0250939976188053,0.181536936637802,0.100799086757991
"259","2015-10-14 15:30:00",-0.027674644212297,0.183657253233417,0.100799086757991
"260","2015-10-14 15:30:00",-0.0302619677772479,0.185498178038764,0.100799086757991
"261","2015-10-14 15:30:00",-0.0354567846543519,0.190014228338547,0.100799086757991
"262","2015-10-14 15:30:00",-0.0380643480614328,0.191641188512711,0.100799086757991
"263","2015-10-14 15:30:00",-0.0406787286355035,0.193881750748317,0.100799086757991
"264","2015-10-14 15:30:00",-0.0432999621153778,0.195623728386415,0.100799086757991
"265","2015-10-14 15:30:00",-0.0459280845216473,0.197909563275714,0.100799086757991
"266","2015-10-14 15:30:00",-0.0485631321596524,0.199972055357083,0.100799086757991
"267","2015-10-14 15:30:00",-0.0538541497940679,0.204127555388268,0.100799086757991
"268","2015-10-14 15:30:00",-0.0565101938521843,0.204898931730901,0.100799086757991
"269","2015-10-14 15:30:00",-0.0591733112716679,0.206766152267389,0.100799086757991
"270","2015-10-14 15:30:00",-0.0618435398275468,0.208730734158793,0.100799086757991
"271","2015-10-14 15:30:00",-0.0645209175982632,0.210978354814409,0.100799086757991
"272","2015-10-14 15:30:00",-0.0672054829689322,0.21286775559666,0.100799086757991
"273","2015-10-14 15:30:00",-0.0698972746346437,0.214725922618852,0.100799086757991
"274","2015-10-14 15:30:00",-0.0725963316038086,0.216922448941967,0.100799086757991
"275","2015-10-14 15:30:00",-0.0753026932015515,0.218753632311771,0.100799086757991
"276","2015-10-14 15:30:00",-0.0780163990731478,0.22077285121509,0.100799086757991
"277","2015-10-14 15:30:00",-0.0807374891875084,0.223606321104645,0.100799086757991
"278","2015-10-14 15:30:00",-0.0834660038407126,0.224669307266141,0.100799086757991
"279","2015-10-14 15:30:00",-0.088945469605338,0.228707306523279,0.100799086757991
"280","2015-10-14 15:30:00",-0.091696502977228,0.231382637239827,0.100799086757991
"281","2015-10-14 15:30:00",-0.0944551254163077,0.233705382857108,0.100799086757991
"282","2015-10-14 15:30:00",-0.0972213789091978,0.235887653234739,0.100799086757991
"283","2015-10-14 15:30:00",-0.0999953057919231,0.23792247757748,0.100799086757991
"284","2015-10-14 15:30:00",-0.1027769487538,0.239279460060568,0.100799086757991
"285","2015-10-14 15:30:00",-0.10836355546244,0.244758842872711,0.100799086757991
"286","2015-10-14 15:30:00",-0.111168606390048,0.245598363149819,0.100799086757991
"287","2015-10-14 15:30:00",-0.113981547766663,0.247725325148119,0.100799086757991
"288","2015-10-14 15:30:00",-0.116802424108304,0.249712835631936,0.100799086757991
"289","2015-10-14 15:30:00",-0.119631280308782,0.251555760494334,0.100799086757991
"290","2015-10-14 15:30:00",-0.122468161643982,0.25358739468193,0.100799086757991
"291","2015-10-14 15:30:00",0.0663283380943595,0.113981632373079,0.120776255707762
"292","2015-10-14 15:30:00",0.0568720028523242,0.117211337855649,0.120776255707762
"293","2015-10-14 15:30:00",0.0544938804473566,0.118856541389766,0.120776255707762
"294","2015-10-14 15:30:00",0.0497206016946989,0.121295531012024,0.120776255707762
"295","2015-10-14 15:30:00",0.0449244294312061,0.123004732403815,0.120776255707762
"296","2015-10-14 15:30:00",0.0425176894006409,0.124695725191377,0.120776255707762
"297","2015-10-14 15:30:00",0.0401051429952571,0.126783598631171,0.120776255707762
"298","2015-10-14 15:30:00",0.0376867621309756,0.128415590624705,0.120776255707762
"299","2015-10-14 15:30:00",0.0352625185194691,0.130384464478923,0.120776255707762
"300","2015-10-14 15:30:00",0.0328323836661774,0.132402852859899,0.120776255707762
"301","2015-10-14 15:30:00",0.0303963288682961,0.134238397902422,0.120776255707762
"302","2015-10-14 15:30:00",0.0279543252127445,0.136448071078643,0.120776255707762
"303","2015-10-14 15:30:00",0.0255063435741045,0.138475815734535,0.120776255707762
"304","2015-10-14 15:30:00",0.0230523546125376,0.140342745770344,0.120776255707762
"305","2015-10-14 15:30:00",0.0205923287716754,0.14245983865659,0.120776255707762
"306","2015-10-14 15:30:00",0.0181262362764818,0.144527378877297,0.120776255707762
"307","2015-10-14 15:30:00",0.0156540471310928,0.146746004305069,0.120776255707762
"308","2015-10-14 15:30:00",0.0131757311166258,0.148837343138197,0.120776255707762
"309","2015-10-14 15:30:00",0.0106912577889637,0.15127996230526,0.120776255707762
"310","2015-10-14 15:30:00",0.00820059647651191,0.153156086974613,0.120776255707762
"311","2015-10-14 15:30:00",0.0057037162779248,0.155311730501283,0.120776255707762
"312","2015-10-14 15:30:00",0.00320058605980613,0.157480344362995,0.120776255707762
"313","2015-10-14 15:30:00",0.000691174454380469,0.159582658276695,0.120776255707762
"314","2015-10-14 15:30:00",-0.00182455014286685,0.161538916917161,0.120776255707762
"315","2015-10-14 15:30:00",-0.00434661957557674,0.163634497845466,0.120776255707762
"316","2015-10-14 15:30:00",-0.00687506592893544,0.165791159762513,0.120776255707762
"317","2015-10-14 15:30:00",-0.00940992153212352,0.167742651487356,0.120776255707762
"318","2015-10-14 15:30:00",-0.011951218960796,0.16996475059291,0.120776255707762
"319","2015-10-14 15:30:00",-0.0144989910395947,0.17171931148127,0.120776255707762
"320","2015-10-14 15:30:00",-0.0170532708446915,0.17376870956794,0.120776255707762
"321","2015-10-14 15:30:00",-0.0196140917063652,0.175649506056311,0.120776255707762
"322","2015-10-14 15:30:00",-0.0221814872116109,0.177661415147556,0.120776255707762
"323","2015-10-14 15:30:00",-0.0247554912067838,0.179621158740952,0.120776255707762
"324","2015-10-14 15:30:00",-0.0273361378002755,0.18153762783162,0.120776255707762
"325","2015-10-14 15:30:00",-0.0299234613652265,0.183314885412331,0.120776255707762
"326","2015-10-14 15:30:00",-0.0325174965422731,0.185272965454929,0.120776255707762
"327","2015-10-14 15:30:00",-0.0351182782423304,0.187217648776635,0.120776255707762
"328","2015-10-14 15:30:00",-0.0377258416494113,0.189048272292696,0.120776255707762
"329","2015-10-14 15:30:00",-0.0403402222234821,0.190992804361496,0.120776255707762
"330","2015-10-14 15:30:00",-0.0429614557033564,0.192838767236056,0.120776255707762
"331","2015-10-14 15:30:00",-0.0455895781096258,0.194942115775758,0.120776255707762
"332","2015-10-14 15:30:00",-0.0482246257476309,0.196729500732936,0.120776255707762
"333","2015-10-14 15:30:00",-0.0508666352104696,0.198557153721245,0.120776255707762
"334","2015-10-14 15:30:00",-0.0535156433820466,0.200311076653168,0.120776255707762
"335","2015-10-14 15:30:00",-0.0561716874401628,0.202254462774334,0.120776255707762
"336","2015-10-14 15:30:00",-0.0588348048596464,0.204012119782502,0.120776255707762
"337","2015-10-14 15:30:00",-0.0615050334155254,0.206261919716973,0.120776255707762
"338","2015-10-14 15:30:00",-0.0641824111862418,0.207929297034376,0.120776255707762
"339","2015-10-14 15:30:00",-0.0668669765569108,0.209696112442823,0.120776255707762
"340","2015-10-14 15:30:00",-0.0695587682226221,0.21157972828795,0.120776255707762
"341","2015-10-14 15:30:00",-0.0722578251917872,0.213446297901555,0.120776255707762
"342","2015-10-14 15:30:00",-0.0749641867895301,0.215301258945863,0.120776255707762
"343","2015-10-14 15:30:00",-0.0776778926611264,0.21715407533176,0.120776255707762
"344","2015-10-14 15:30:00",-0.080398982775487,0.218843320839104,0.120776255707762
"345","2015-10-14 15:30:00",-0.083127497428691,0.221052013502435,0.120776255707762
"346","2015-10-14 15:30:00",-0.0858634772475658,0.221526056053128,0.120776255707762
"347","2015-10-14 15:30:00",-0.0886069631933167,0.224331203851482,0.120776255707762
"348","2015-10-14 15:30:00",-0.0913579965652066,0.225527088645722,0.120776255707762
"349","2015-10-14 15:30:00",-0.0941166190042862,0.227315284154661,0.120776255707762
"350","2015-10-14 15:30:00",-0.0968828724971764,0.228952994398556,0.120776255707762
"351","2015-10-14 15:30:00",-0.0996567993799016,0.230006153008254,0.120776255707762
"352","2015-10-14 15:30:00",-0.102438442341778,0.232175915770902,0.120776255707762
"353","2015-10-14 15:30:00",-0.105227844429357,0.233315838039945,0.120776255707762
"354","2015-10-14 15:30:00",-0.110830099978027,0.237216633060866,0.120776255707762
"355","2015-10-14 15:30:00",-0.11929277389676,0.242726056052389,0.120776255707762
"356","2015-10-14 15:30:00",-0.124974607364192,0.24755553398374,0.120776255707762
"357","2015-10-14 15:30:00",0.0593397611018151,0.116362554324845,0.128995433789954
"358","2015-10-14 15:30:00",0.0569672807481846,0.117426944807373,0.128995433789954
"359","2015-10-14 15:30:00",0.0545891583432172,0.117598938999421,0.128995433789954
"360","2015-10-14 15:30:00",0.0522053669879411,0.119834766681324,0.128995433789954
"361","2015-10-14 15:30:00",0.0498158795905595,0.121243564017668,0.128995433789954
"362","2015-10-14 15:30:00",0.0474206688646047,0.121362539885163,0.128995433789954
"363","2015-10-14 15:30:00",0.0450197073270664,0.123302386821936,0.128995433789954
"364","2015-10-14 15:30:00",0.0426129672965015,0.12467181839401,0.128995433789954
"365","2015-10-14 15:30:00",0.0402004208911177,0.126454878699263,0.128995433789954
"366","2015-10-14 15:30:00",0.037782040026836,0.128450971237351,0.128995433789954
"367","2015-10-14 15:30:00",0.0353577964153297,0.130042529286412,0.128995433789954
"368","2015-10-14 15:30:00",0.0329276615620378,0.132053883399537,0.128995433789954
"369","2015-10-14 15:30:00",0.0304916067641567,0.134111789159524,0.128995433789954
"370","2015-10-14 15:30:00",0.0280496031086051,0.136006681119025,0.128995433789954
"371","2015-10-14 15:30:00",0.0256016214699649,0.138056156796755,0.128995433789954
"372","2015-10-14 15:30:00",0.0231476325083983,0.139862173567775,0.128995433789954
"373","2015-10-14 15:30:00",0.0206876066675358,0.142016861982299,0.128995433789954
"374","2015-10-14 15:30:00",0.0182215141723424,0.144039534183312,0.128995433789954
"375","2015-10-14 15:30:00",0.0157493250269534,0.146036695257299,0.128995433789954
"376","2015-10-14 15:30:00",0.0132710090124862,0.148108331293938,0.128995433789954
"377","2015-10-14 15:30:00",0.0107865356848243,0.150171332821773,0.128995433789954
"378","2015-10-14 15:30:00",0.00829587437237253,0.152413889521477,0.128995433789954
"379","2015-10-14 15:30:00",0.00579899417378519,0.154577886649472,0.128995433789954
"380","2015-10-14 15:30:00",0.00329586395566675,0.156410775614043,0.128995433789954
"381","2015-10-14 15:30:00",0.00078645235024086,0.158542280685907,0.128995433789954
"382","2015-10-14 15:30:00",-0.00172927224700635,0.160629571958737,0.128995433789954
"383","2015-10-14 15:30:00",-0.00425134167971624,0.162594725077489,0.128995433789954
"384","2015-10-14 15:30:00",-0.00677978803307494,0.164625762893236,0.128995433789954
"385","2015-10-14 15:30:00",-0.00931464363626291,0.166464766553326,0.128995433789954
"386","2015-10-14 15:30:00",-0.0118559410649355,0.168661194821079,0.128995433789954
"387","2015-10-14 15:30:00",-0.0144037131437342,0.17050436450123,0.128995433789954
"388","2015-10-14 15:30:00",-0.016957992948831,0.172455489545727,0.128995433789954
"389","2015-10-14 15:30:00",-0.0195188138105046,0.174435591424769,0.128995433789954
"390","2015-10-14 15:30:00",-0.0220862093157504,0.176455941171763,0.128995433789954
"391","2015-10-14 15:30:00",-0.0246602133109233,0.178432515303209,0.128995433789954
"392","2015-10-14 15:30:00",-0.027240859904415,0.180373190624897,0.128995433789954
"393","2015-10-14 15:30:00",-0.029828183469366,0.182187217350798,0.128995433789954
"394","2015-10-14 15:30:00",-0.0324222186464125,0.183877131503231,0.128995433789954
"395","2015-10-14 15:30:00",-0.0350230003464699,0.185755301784653,0.128995433789954
"396","2015-10-14 15:30:00",-0.0376305637535508,0.187631490852022,0.128995433789954
"397","2015-10-14 15:30:00",-0.0402449443276216,0.189515207419603,0.128995433789954
"398","2015-10-14 15:30:00",-0.0428661778074957,0.191196124960433,0.128995433789954
"399","2015-10-14 15:30:00",-0.0454943002137653,0.193119450993256,0.128995433789954
"400","2015-10-14 15:30:00",-0.0481293478517704,0.194965951202364,0.128995433789954
"401","2015-10-14 15:30:00",-0.0507713573146091,0.196856847195877,0.128995433789954
"402","2015-10-14 15:30:00",-0.0534203654861861,0.198683550515104,0.128995433789954
"403","2015-10-14 15:30:00",-0.0560764095443022,0.200572918655907,0.128995433789954
"404","2015-10-14 15:30:00",-0.0587395269637859,0.202286047925821,0.128995433789954
"405","2015-10-14 15:30:00",-0.0614097555196648,0.204206197016761,0.128995433789954
"406","2015-10-14 15:30:00",-0.0640871332903813,0.206091845746567,0.128995433789954
"407","2015-10-14 15:30:00",-0.0667716986610501,0.207811846803764,0.128995433789954
"408","2015-10-14 15:30:00",-0.0694634903267616,0.209781424922671,0.128995433789954
"409","2015-10-14 15:30:00",-0.0721625472959266,0.21130760483902,0.128995433789954
"410","2015-10-14 15:30:00",-0.0748689088936696,0.21339950728697,0.128995433789954
"411","2015-10-14 15:30:00",-0.0775826147652658,0.215350431258691,0.128995433789954
"412","2015-10-14 15:30:00",-0.0803037048796265,0.217311810355664,0.128995433789954
"413","2015-10-14 15:30:00",-0.0830322195328305,0.219130401711069,0.128995433789954
"414","2015-10-14 15:30:00",-0.0857681993517053,0.220633715293718,0.128995433789954
"415","2015-10-14 15:30:00",-0.0885116852974561,0.222658661023468,0.128995433789954
"416","2015-10-14 15:30:00",-0.0912627186693459,0.22384614403687,0.128995433789954
"417","2015-10-14 15:30:00",-0.0940213411084257,0.225581616524802,0.128995433789954
"418","2015-10-14 15:30:00",-0.0967875946013158,0.225839660565273,0.128995433789954
"419","2015-10-14 15:30:00",-0.0995615214840411,0.228024532773351,0.128995433789954
"420","2015-10-14 15:30:00",-0.102343164445918,0.229278653743062,0.128995433789954
"421","2015-10-14 15:30:00",-0.105132566533496,0.231835544352923,0.128995433789954
"422","2015-10-14 15:30:00",-0.107929771154558,0.234522513532505,0.128995433789954
"423","2015-10-14 15:30:00",-0.110734822082166,0.236468552274564,0.128995433789954
"424","2015-10-14 15:30:00",-0.113547763458781,0.239198585526292,0.128995433789954
"425","2015-10-14 15:30:00",-0.116368639800422,0.240002774509319,0.128995433789954
"426","2015-10-14 15:30:00",-0.1191974960009,0.241822028682345,0.128995433789954
"427","2015-10-14 15:30:00",-0.1220343773361,0.243520659130996,0.128995433789954
"428","2015-10-14 15:30:00",-0.124879329468331,0.245869630380461,0.128995433789954
"429","2015-10-14 15:30:00",0.0760857924933188,0.11436798810895,0.139954337899543
"430","2015-10-14 15:30:00",0.0714128867939264,0.116903582625455,0.139954337899543
"431","2015-10-14 15:30:00",0.0643623287972596,0.118867995024139,0.139954337899543
"432","2015-10-14 15:30:00",0.0620010526115798,0.119886260677175,0.139954337899543
"433","2015-10-14 15:30:00",0.0572617072476832,0.121284230538834,0.139954337899543
"434","2015-10-14 15:30:00",0.0501103060900581,0.124421727859373,0.139954337899543
"435","2015-10-14 15:30:00",0.0477150953641032,0.126070372147984,0.139954337899543
"436","2015-10-14 15:30:00",0.045314133826565,0.12788406794261,0.139954337899543
"437","2015-10-14 15:30:00",0.0429073937960002,0.129453638381543,0.139954337899543
"438","2015-10-14 15:30:00",0.0404948473906163,0.131275526017761,0.139954337899543
"439","2015-10-14 15:30:00",0.0380764665263346,0.133084218604265,0.139954337899543
"440","2015-10-14 15:30:00",0.0356522229148282,0.13487745690697,0.139954337899543
"441","2015-10-14 15:30:00",0.0332220880615364,0.136757512238658,0.139954337899543
"442","2015-10-14 15:30:00",0.0307860332636554,0.138515928329082,0.139954337899543
"443","2015-10-14 15:30:00",0.0283440296081036,0.140261382864435,0.139954337899543
"444","2015-10-14 15:30:00",0.0258960479694635,0.142656442461301,0.139954337899543
"445","2015-10-14 15:30:00",0.0234420590078968,0.144554701468005,0.139954337899543
"446","2015-10-14 15:30:00",0.0209820331670344,0.146264210752965,0.139954337899543
"447","2015-10-14 15:30:00",0.0185159406718411,0.148599868006638,0.139954337899543
"448","2015-10-14 15:30:00",0.0160437515264519,0.150489576984932,0.139954337899543
"449","2015-10-14 15:30:00",0.0135654355119848,0.152478076554522,0.139954337899543
"450","2015-10-14 15:30:00",0.0110809621843228,0.154655310415793,0.139954337899543
"451","2015-10-14 15:30:00",0.00859030087187093,0.156429631034119,0.139954337899543
"452","2015-10-14 15:30:00",0.00609342067328391,0.158495054268324,0.139954337899543
"453","2015-10-14 15:30:00",0.00359029045516533,0.160687666463849,0.139954337899543
"454","2015-10-14 15:30:00",0.00108087884973954,0.162593397115071,0.139954337899543
"455","2015-10-14 15:30:00",-0.00143484574750769,0.164560362863628,0.139954337899543
"456","2015-10-14 15:30:00",-0.0039569151802176,0.166427710987532,0.139954337899543
"457","2015-10-14 15:30:00",-0.00648536153357632,0.168459713899232,0.139954337899543
"458","2015-10-14 15:30:00",-0.00902021713676431,0.170495929055243,0.139954337899543
"459","2015-10-14 15:30:00",-0.0115615145654369,0.172199423214424,0.139954337899543
"460","2015-10-14 15:30:00",-0.0141092866442356,0.17444444847462,0.139954337899543
"461","2015-10-14 15:30:00",-0.0166635664493324,0.176285018826301,0.139954337899543
"462","2015-10-14 15:30:00",-0.0192243873110061,0.177895578054803,0.139954337899543
"463","2015-10-14 15:30:00",-0.0217917828162518,0.179818138487831,0.139954337899543
"464","2015-10-14 15:30:00",-0.0243657868114247,0.181890077093378,0.139954337899543
"465","2015-10-14 15:30:00",-0.0269464334049163,0.183662180592349,0.139954337899543
"466","2015-10-14 15:30:00",-0.0295337569698673,0.185600780134739,0.139954337899543
"467","2015-10-14 15:30:00",-0.032127792146914,0.187435230840308,0.139954337899543
"468","2015-10-14 15:30:00",-0.0347285738469713,0.189070671090959,0.139954337899543
"469","2015-10-14 15:30:00",-0.0373361372540522,0.191000160733464,0.139954337899543
"470","2015-10-14 15:30:00",-0.0399505178281229,0.192844020637033,0.139954337899543
"471","2015-10-14 15:30:00",-0.0425717513079972,0.194605835104004,0.139954337899543
"472","2015-10-14 15:30:00",-0.0451998737142667,0.196287376350304,0.139954337899543
"473","2015-10-14 15:30:00",-0.0478349213522718,0.198106329986815,0.139954337899543
"474","2015-10-14 15:30:00",-0.0504769308151105,0.19975042821281,0.139954337899543
"475","2015-10-14 15:30:00",-0.0531259389866873,0.201551384615233,0.139954337899543
"476","2015-10-14 15:30:00",-0.0557819830448036,0.203526618027056,0.139954337899543
"477","2015-10-14 15:30:00",-0.0584451004642874,0.20522790107756,0.139954337899543
"478","2015-10-14 15:30:00",-0.0611153290201662,0.206882769921002,0.139954337899543
"479","2015-10-14 15:30:00",-0.0637927067908826,0.208861708244025,0.139954337899543
"480","2015-10-14 15:30:00",-0.0664772721615516,0.210442936907432,0.139954337899543
"481","2015-10-14 15:30:00",-0.069169063827263,0.212117981737985,0.139954337899543
"482","2015-10-14 15:30:00",-0.0718681207964281,0.213899996960997,0.139954337899543
"483","2015-10-14 15:30:00",-0.0745744823941709,0.215941254632363,0.139954337899543
"484","2015-10-14 15:30:00",-0.0772881882657672,0.217433238876555,0.139954337899543
"485","2015-10-14 15:30:00",-0.0800092783801278,0.219479407274697,0.139954337899543
"486","2015-10-14 15:30:00",-0.0827377930333319,0.221108744843819,0.139954337899543
"487","2015-10-14 15:30:00",-0.0854737728522067,0.2231911620698,0.139954337899543
"488","2015-10-14 15:30:00",-0.0882172587979575,0.225000846609847,0.139954337899543
"489","2015-10-14 15:30:00",-0.0909682921698474,0.226677568793102,0.139954337899543
"490","2015-10-14 15:30:00",-0.093726914608927,0.22870944797534,0.139954337899543
"491","2015-10-14 15:30:00",-0.0964931681018172,0.230457434468847,0.139954337899543
"492","2015-10-14 15:30:00",-0.0992670949845425,0.231733406279285,0.139954337899543
"493","2015-10-14 15:30:00",-0.102048737946419,0.231042020218038,0.139954337899543
"494","2015-10-14 15:30:00",-0.104838140033998,0.236000261103939,0.139954337899543
"495","2015-10-14 15:30:00",-0.107635344655059,0.236101854186667,0.139954337899543
"496","2015-10-14 15:30:00",-0.110440395582668,0.238892578541763,0.139954337899543
"497","2015-10-14 15:30:00",-0.113253336959282,0.238605374408896,0.139954337899543
"498","2015-10-14 15:30:00",-0.116074213300924,0.239944151397242,0.139954337899543
"499","2015-10-14 15:30:00",-0.118903069501401,0.241789389022514,0.139954337899543
"500","2015-10-14 15:30:00",-0.121739950836601,0.244867032047689,0.139954337899543
"501","2015-10-14 15:30:00",-0.124584902968832,0.245850854040725,0.139954337899543
"502","2015-10-14 15:30:00",0.08589431610596,0.118079851771791,0.159132420091324
"503","2015-10-14 15:30:00",0.0835821763475804,0.115124992385652,0.159132420091324
"504","2015-10-14 15:30:00",0.0789417967910782,0.116913030335612,0.159132420091324
"505","2015-10-14 15:30:00",0.0695959343728405,0.119313942815386,0.159132420091324
"506","2015-10-14 15:30:00",0.067245757027887,0.120082081844041,0.159132420091324
"507","2015-10-14 15:30:00",0.0648900433354278,0.12038677812293,0.159132420091324
"508","2015-10-14 15:30:00",0.0625287671497481,0.121869359047406,0.159132420091324
"509","2015-10-14 15:30:00",0.0601619021394818,0.121283654784593,0.159132420091324
"510","2015-10-14 15:30:00",0.0577894217858515,0.124746502567262,0.159132420091324
"511","2015-10-14 15:30:00",0.0530275080256078,0.124925189363103,0.159132420091324
"512","2015-10-14 15:30:00",0.0506380206282265,0.126775837663767,0.159132420091324
"513","2015-10-14 15:30:00",0.0482428099022715,0.128290625657234,0.159132420091324
"514","2015-10-14 15:30:00",0.0458418483647335,0.130087153673213,0.159132420091324
"515","2015-10-14 15:30:00",0.0434351083341684,0.13189900114158,0.159132420091324
"516","2015-10-14 15:30:00",0.0410225619287845,0.133300601767938,0.159132420091324
"517","2015-10-14 15:30:00",0.0386041810645028,0.135445768205373,0.159132420091324
"518","2015-10-14 15:30:00",0.0361799374529965,0.137182342748693,0.159132420091324
"519","2015-10-14 15:30:00",0.0337498025997046,0.138928208700085,0.159132420091324
"520","2015-10-14 15:30:00",0.0313137478018236,0.140774639988265,0.159132420091324
"521","2015-10-14 15:30:00",0.0288717441462718,0.142804977912374,0.159132420091324
"522","2015-10-14 15:30:00",0.0264237625076318,0.144400482406057,0.159132420091324
"523","2015-10-14 15:30:00",0.0239697735460652,0.146360417358695,0.159132420091324
"524","2015-10-14 15:30:00",0.0215097477052027,0.148165752321639,0.159132420091324
"525","2015-10-14 15:30:00",0.0190436552100093,0.150325677930155,0.159132420091324
"526","2015-10-14 15:30:00",0.0165714660646201,0.152260279671686,0.159132420091324
"527","2015-10-14 15:30:00",0.0140931500501532,0.154146010113197,0.159132420091324
"528","2015-10-14 15:30:00",0.0116086767224911,0.156152183211439,0.159132420091324
"529","2015-10-14 15:30:00",0.00911801541003935,0.157883576877616,0.159132420091324
"530","2015-10-14 15:30:00",0.00662113521145203,0.159987833180125,0.159132420091324
"531","2015-10-14 15:30:00",0.0041180049933336,0.16191304664417,0.159132420091324
"532","2015-10-14 15:30:00",0.00160859338790773,0.163906122930695,0.159132420091324
"533","2015-10-14 15:30:00",-0.000907131209339456,0.165815768072303,0.159132420091324
"534","2015-10-14 15:30:00",-0.00342920064204933,0.167808592099791,0.159132420091324
"535","2015-10-14 15:30:00",-0.00595764699540802,0.16957337580966,0.159132420091324
"536","2015-10-14 15:30:00",-0.00849250259859608,0.171596350668655,0.159132420091324
"537","2015-10-14 15:30:00",-0.0110338000272687,0.173404453925609,0.159132420091324
"538","2015-10-14 15:30:00",-0.0135815721060674,0.17524504508239,0.159132420091324
"539","2015-10-14 15:30:00",-0.0161358519111641,0.177043778042999,0.159132420091324
"540","2015-10-14 15:30:00",-0.0186966727728378,0.178807170679821,0.159132420091324
"541","2015-10-14 15:30:00",-0.0212640682780836,0.180708200336661,0.159132420091324
"542","2015-10-14 15:30:00",-0.0238380722732565,0.182419438766386,0.159132420091324
"543","2015-10-14 15:30:00",-0.026418718866748,0.184284502542345,0.159132420091324
"544","2015-10-14 15:30:00",-0.029006042431699,0.185967993144701,0.159132420091324
"545","2015-10-14 15:30:00",-0.0316000776087456,0.187645711366293,0.159132420091324
"546","2015-10-14 15:30:00",-0.034200859308803,0.189503241504679,0.159132420091324
"547","2015-10-14 15:30:00",-0.0368084227158839,0.191282301699256,0.159132420091324
"548","2015-10-14 15:30:00",-0.0394228032899547,0.192893301415901,0.159132420091324
"549","2015-10-14 15:30:00",-0.0420440367698289,0.194710252131611,0.159132420091324
"550","2015-10-14 15:30:00",-0.0446721591760984,0.196463171454653,0.159132420091324
"551","2015-10-14 15:30:00",-0.0473072068141036,0.19825237454671,0.159132420091324
"552","2015-10-14 15:30:00",-0.0499492162769422,0.199887569406768,0.159132420091324
"553","2015-10-14 15:30:00",-0.0525982244485192,0.20187156290038,0.159132420091324
"554","2015-10-14 15:30:00",-0.0552542685066354,0.203612392287612,0.159132420091324
"555","2015-10-14 15:30:00",-0.0579173859261191,0.204995957709533,0.159132420091324
"556","2015-10-14 15:30:00",-0.060587614481998,0.206757894947561,0.159132420091324
"557","2015-10-14 15:30:00",-0.0632649922527143,0.208708573227282,0.159132420091324
"558","2015-10-14 15:30:00",-0.0659495576233833,0.209968521203142,0.159132420091324
"559","2015-10-14 15:30:00",-0.0686413492890947,0.21198761392851,0.159132420091324
"560","2015-10-14 15:30:00",-0.0713404062582597,0.213534449480234,0.159132420091324
"561","2015-10-14 15:30:00",-0.0740467678560027,0.215540709900093,0.159132420091324
"562","2015-10-14 15:30:00",-0.0767604737275989,0.216816433444495,0.159132420091324
"563","2015-10-14 15:30:00",-0.0794815638419596,0.218822824547858,0.159132420091324
"564","2015-10-14 15:30:00",-0.0822100784951637,0.220716162373711,0.159132420091324
"565","2015-10-14 15:30:00",-0.0849460583140384,0.22249496992379,0.159132420091324
"566","2015-10-14 15:30:00",-0.0876895442597893,0.224154783979459,0.159132420091324
"567","2015-10-14 15:30:00",-0.0904405776316791,0.225692524062263,0.159132420091324
"568","2015-10-14 15:30:00",-0.0931992000707589,0.227669414864145,0.159132420091324
"569","2015-10-14 15:30:00",-0.095965453563649,0.228960539284382,0.159132420091324
"570","2015-10-14 15:30:00",-0.0987393804463743,0.230862037458251,0.159132420091324
"571","2015-10-14 15:30:00",-0.101521023408251,0.23296874034764,0.159132420091324
"572","2015-10-14 15:30:00",-0.10431042549583,0.23435755726827,0.159132420091324
"573","2015-10-14 15:30:00",-0.107107630116891,0.235457420712764,0.159132420091324
"574","2015-10-14 15:30:00",-0.109912681044499,0.234896037685597,0.159132420091324
"575","2015-10-14 15:30:00",-0.112725622421114,0.237206899316207,0.159132420091324
"576","2015-10-14 15:30:00",-0.115546498762755,0.239269590340687,0.159132420091324
"577","2015-10-14 15:30:00",-0.118375354963233,0.239780210374949,0.159132420091324
"578","2015-10-14 15:30:00",-0.121212236298433,0.242195724308124,0.159132420091324
"579","2015-10-14 15:30:00",0.0953198585759643,0.110702052915426,0.180251141552512
"580","2015-10-14 15:30:00",0.0907326945690583,0.112054217356951,0.180251141552512
"581","2015-10-14 15:30:00",0.088431197580779,0.112129069836282,0.180251141552512
"582","2015-10-14 15:30:00",0.0861243914828641,0.114284934974524,0.180251141552512
"583","2015-10-14 15:30:00",0.0838122517244845,0.114524085457083,0.180251141552512
"584","2015-10-14 15:30:00",0.0814947535841219,0.114774300721917,0.180251141552512
"585","2015-10-14 15:30:00",0.0791718721679824,0.114881342706642,0.180251141552512
"586","2015-10-14 15:30:00",0.0745098590621709,0.114238482607266,0.180251141552512
"587","2015-10-14 15:30:00",0.0698260097497446,0.117290492239772,0.180251141552512
"588","2015-10-14 15:30:00",0.065120118712332,0.119887457913291,0.180251141552512
"589","2015-10-14 15:30:00",0.0627588425266522,0.121236455482835,0.180251141552512
"590","2015-10-14 15:30:00",0.060391977516386,0.121905715988677,0.180251141552512
"591","2015-10-14 15:30:00",0.0580194971627555,0.123067178980578,0.180251141552512
"592","2015-10-14 15:30:00",0.0556413747577882,0.125125566717511,0.180251141552512
"593","2015-10-14 15:30:00",0.0532575834025119,0.126499332552024,0.180251141552512
"594","2015-10-14 15:30:00",0.0508680960051304,0.128072430848483,0.180251141552512
"595","2015-10-14 15:30:00",0.0484728852791757,0.129808721069102,0.180251141552512
"596","2015-10-14 15:30:00",0.0460719237416374,0.131374699149733,0.180251141552512
"597","2015-10-14 15:30:00",0.0436651837110724,0.132689504825169,0.180251141552512
"598","2015-10-14 15:30:00",0.0412526373056886,0.134911798241104,0.180251141552512
"599","2015-10-14 15:30:00",0.0388342564414069,0.136212488747289,0.180251141552512
"600","2015-10-14 15:30:00",0.0364100128299005,0.13827188122608,0.180251141552512
"601","2015-10-14 15:30:00",0.0339798779766088,0.13999271093831,0.180251141552512
"602","2015-10-14 15:30:00",0.0315438231787276,0.142076219875305,0.180251141552512
"603","2015-10-14 15:30:00",0.0291018195231758,0.143925672818063,0.180251141552512
"604","2015-10-14 15:30:00",0.0266538378845359,0.145640530241707,0.180251141552512
"605","2015-10-14 15:30:00",0.0241998489229691,0.146836398768737,0.180251141552512
"606","2015-10-14 15:30:00",0.0192737305869134,0.150544733368169,0.180251141552512
"607","2015-10-14 15:30:00",0.0168015414415242,0.153032919862673,0.180251141552512
"608","2015-10-14 15:30:00",0.0143232254270571,0.154348444635431,0.180251141552512
"609","2015-10-14 15:30:00",0.0118387520993953,0.156553059592586,0.180251141552512
"610","2015-10-14 15:30:00",0.00934809078694335,0.158066454710735,0.180251141552512
"611","2015-10-14 15:30:00",0.00685121058835608,0.159797729677306,0.180251141552512
"612","2015-10-14 15:30:00",0.0043480803702377,0.161973557533486,0.180251141552512
"613","2015-10-14 15:30:00",0.00183866876481187,0.164004475421433,0.180251141552512
"614","2015-10-14 15:30:00",-0.00067705583243538,0.165674353155888,0.180251141552512
"615","2015-10-14 15:30:00",-0.00319912526514532,0.167360835980522,0.180251141552512
"616","2015-10-14 15:30:00",-0.00572757161850396,0.169443900776303,0.180251141552512
"617","2015-10-14 15:30:00",-0.00826242722169197,0.170957757668709,0.180251141552512
"618","2015-10-14 15:30:00",-0.0133514967291633,0.174698522847105,0.180251141552512
"619","2015-10-14 15:30:00",-0.01590577653426,0.177100475271748,0.180251141552512
"620","2015-10-14 15:30:00",-0.0184665973959337,0.178639859406386,0.180251141552512
"621","2015-10-14 15:30:00",-0.0210339929011795,0.180782743775447,0.180251141552512
"622","2015-10-14 15:30:00",-0.0236079968963523,0.181975832256904,0.180251141552512
"623","2015-10-14 15:30:00",-0.0261886434898441,0.183549897386515,0.180251141552512
"624","2015-10-14 15:30:00",-0.028775967054795,0.185200239904256,0.180251141552512
"625","2015-10-14 15:30:00",-0.0313700022318416,0.186689921952508,0.180251141552512
"626","2015-10-14 15:30:00",-0.033970783931899,0.188266328069023,0.180251141552512
"627","2015-10-14 15:30:00",-0.0365783473389798,0.190442411308083,0.180251141552512
"628","2015-10-14 15:30:00",-0.0391927279130506,0.192141825941213,0.180251141552512
"629","2015-10-14 15:30:00",-0.0444420837991944,0.195714306787542,0.180251141552512
"630","2015-10-14 15:30:00",-0.0470771314371994,0.19697895008026,0.180251141552512
"631","2015-10-14 15:30:00",-0.0497191409000382,0.198998776919993,0.180251141552512
"632","2015-10-14 15:30:00",-0.052368149071615,0.200617494858969,0.180251141552512
"633","2015-10-14 15:30:00",-0.0550241931297313,0.201818944827292,0.180251141552512
"634","2015-10-14 15:30:00",-0.0603575391050939,0.205430339609401,0.180251141552512
"635","2015-10-14 15:30:00",-0.0630349168758102,0.206902756309828,0.180251141552512
"636","2015-10-14 15:30:00",-0.0657194822464793,0.208445853188193,0.180251141552512
"637","2015-10-14 15:30:00",-0.0684112739121907,0.210274752773619,0.180251141552512
"638","2015-10-14 15:30:00",-0.0711103308813556,0.211885186114736,0.180251141552512
"639","2015-10-14 15:30:00",-0.0738166924790987,0.213912798464075,0.180251141552512
"640","2015-10-14 15:30:00",-0.0765303983506949,0.215181080522722,0.180251141552512
"641","2015-10-14 15:30:00",-0.0792514884650555,0.216990907132953,0.180251141552512
"642","2015-10-14 15:30:00",-0.0819800031182596,0.218351413288503,0.180251141552512
"643","2015-10-14 15:30:00",-0.0847159829371343,0.219352799372981,0.180251141552512
"644","2015-10-14 15:30:00",-0.0874594688828852,0.221054874550545,0.180251141552512
"645","2015-10-14 15:30:00",-0.0902105022547751,0.222651708361882,0.180251141552512
"646","2015-10-14 15:30:00",-0.0929691246938547,0.224139726197876,0.180251141552512
"647","2015-10-14 15:30:00",-0.0957353781867449,0.22602992294062,0.180251141552512
"648","2015-10-14 15:30:00",-0.0985093050694701,0.22756511013814,0.180251141552512
"649","2015-10-14 15:30:00",-0.104080350118926,0.230862610809565,0.180251141552512
"650","2015-10-14 15:30:00",-0.106877554739987,0.232220398991132,0.180251141552512
"651","2015-10-14 15:30:00",-0.11249554704421,0.235930646196779,0.180251141552512
"652","2015-10-14 15:30:00",-0.118145279586329,0.238204504002992,0.180251141552512
"653","2015-10-14 15:30:00",0.0930817810392582,0.114292915821434,0.194748858447488
"654","2015-10-14 15:30:00",0.0745627332720208,0.118864540631934,0.194748858447488
"655","2015-10-14 15:30:00",0.0698788839595944,0.120966952249499,0.194748858447488
"656","2015-10-14 15:30:00",0.055694248967638,0.127792729828471,0.194748858447488
"657","2015-10-14 15:30:00",0.0533104576123618,0.129414227147077,0.194748858447488
"658","2015-10-14 15:30:00",0.0509209702149802,0.130892227062638,0.194748858447488
"659","2015-10-14 15:30:00",0.0485257594890254,0.132437038023435,0.194748858447488
"660","2015-10-14 15:30:00",0.0461247979514873,0.134038155583707,0.194748858447488
"661","2015-10-14 15:30:00",0.0437180579209222,0.135686091635794,0.194748858447488
"662","2015-10-14 15:30:00",0.0413055115155384,0.137375328352365,0.194748858447488
"663","2015-10-14 15:30:00",0.0388871306512568,0.139016131221161,0.194748858447488
"664","2015-10-14 15:30:00",0.0364628870397503,0.140780351878307,0.194748858447488
"665","2015-10-14 15:30:00",0.0340327521864586,0.142579296673093,0.194748858447488
"666","2015-10-14 15:30:00",0.0315966973885776,0.144332781115656,0.194748858447488
"667","2015-10-14 15:30:00",0.0291546937330257,0.146125207447135,0.194748858447488
"668","2015-10-14 15:30:00",0.0267067120943857,0.147804089265922,0.194748858447488
"669","2015-10-14 15:30:00",0.0242527231328191,0.149681961792013,0.194748858447488
"670","2015-10-14 15:30:00",0.0217926972919566,0.151455416611113,0.194748858447488
"671","2015-10-14 15:30:00",0.0193266047967632,0.153428970281055,0.194748858447488
"672","2015-10-14 15:30:00",0.0168544156513739,0.155015595650085,0.194748858447488
"673","2015-10-14 15:30:00",0.0143760996369069,0.157102536602702,0.194748858447488
"674","2015-10-14 15:30:00",0.0118916263092451,0.158673212604978,0.194748858447488
"675","2015-10-14 15:30:00",0.00940096499679306,0.160532756938897,0.194748858447488
"676","2015-10-14 15:30:00",0.00690408479820594,0.162395955157051,0.194748858447488
"677","2015-10-14 15:30:00",0.00440095458008748,0.164053459381526,0.194748858447488
"678","2015-10-14 15:30:00",0.00189154297466158,0.165797949794099,0.194748858447488
"679","2015-10-14 15:30:00",-0.000624181622585631,0.167634649522122,0.194748858447488
"680","2015-10-14 15:30:00",-0.00314625105529553,0.169353887998583,0.194748858447488
"681","2015-10-14 15:30:00",-0.00567469740865413,0.171104368105966,0.194748858447488
"682","2015-10-14 15:30:00",-0.00820955301184222,0.173036998090032,0.194748858447488
"683","2015-10-14 15:30:00",-0.0107508504405148,0.174650043404766,0.194748858447488
"684","2015-10-14 15:30:00",-0.0132986225193135,0.176383112652689,0.194748858447488
"685","2015-10-14 15:30:00",-0.0158529023244103,0.178096154258756,0.194748858447488
"686","2015-10-14 15:30:00",-0.018413723186084,0.17994258309959,0.194748858447488
"687","2015-10-14 15:30:00",-0.0209811186913297,0.181481575641216,0.194748858447488
"688","2015-10-14 15:30:00",-0.0235551226865026,0.183390606283465,0.194748858447488
"689","2015-10-14 15:30:00",-0.0261357692799943,0.184921078358805,0.194748858447488
"690","2015-10-14 15:30:00",-0.0287230928449451,0.186607306713527,0.194748858447488
"691","2015-10-14 15:30:00",-0.0313171280219918,0.188381126330913,0.194748858447488
"692","2015-10-14 15:30:00",-0.0339179097220492,0.190013096163216,0.194748858447488
"693","2015-10-14 15:30:00",-0.03652547312913,0.191663028276001,0.194748858447488
"694","2015-10-14 15:30:00",-0.0391398537032008,0.193255554644036,0.194748858447488
"695","2015-10-14 15:30:00",-0.0417610871830751,0.1949572630447,0.194748858447488
"696","2015-10-14 15:30:00",-0.0443892095893445,0.196610354603013,0.194748858447488
"697","2015-10-14 15:30:00",-0.0470242572273497,0.198217385498136,0.194748858447488
"698","2015-10-14 15:30:00",-0.0496662666901884,0.199952955461596,0.194748858447488
"699","2015-10-14 15:30:00",-0.0523152748617653,0.201652766922662,0.194748858447488
"700","2015-10-14 15:30:00",-0.0549713189198815,0.203230314397473,0.194748858447488
"701","2015-10-14 15:30:00",-0.0576344363393652,0.20468382234004,0.194748858447488
"702","2015-10-14 15:30:00",-0.0603046648952441,0.206379451921484,0.194748858447488
"703","2015-10-14 15:30:00",-0.0629820426659605,0.208053017956898,0.194748858447488
"704","2015-10-14 15:30:00",-0.0656666080366295,0.209612337776063,0.194748858447488
"705","2015-10-14 15:30:00",-0.0683583997023409,0.211152271281275,0.194748858447488
"706","2015-10-14 15:30:00",-0.0710574566715059,0.212873676900574,0.194748858447488
"707","2015-10-14 15:30:00",-0.0737638182692488,0.214387224240189,0.194748858447488
"708","2015-10-14 15:30:00",-0.0764775241408451,0.215993825697274,0.194748858447488
"709","2015-10-14 15:30:00",-0.0791986142552057,0.217912134772828,0.194748858447488
"710","2015-10-14 15:30:00",-0.0819271289084098,0.219202391327985,0.194748858447488
"711","2015-10-14 15:30:00",-0.0846631087272846,0.221030455981929,0.194748858447488
"712","2015-10-14 15:30:00",-0.0874065946730353,0.222541726955895,0.194748858447488
"713","2015-10-14 15:30:00",-0.0901576280449252,0.223948565602745,0.194748858447488
"714","2015-10-14 15:30:00",-0.092916250484005,0.225479332040126,0.194748858447488
"715","2015-10-14 15:30:00",-0.095682503976895,0.227383174383148,0.194748858447488
"716","2015-10-14 15:30:00",-0.0984564308596203,0.22908218056237,0.194748858447488
"717","2015-10-14 15:30:00",-0.101238073821497,0.23068994611346,0.194748858447488
"718","2015-10-14 15:30:00",-0.104027475909076,0.231950471423243,0.194748858447488
"719","2015-10-14 15:30:00",-0.106824680530137,0.233879004609146,0.194748858447488
"720","2015-10-14 15:30:00",-0.109629731457746,0.235466234525509,0.194748858447488
"721","2015-10-14 15:30:00",-0.11244267283436,0.237368591160255,0.194748858447488
"722","2015-10-14 15:30:00",-0.115263549176002,0.238365420523228,0.194748858447488
"723","2015-10-14 15:30:00",-0.118092405376479,0.240377816755469,0.194748858447488
"724","2015-10-14 15:30:00",-0.120929286711679,0.239399290272489,0.194748858447488
"725","2015-10-14 15:30:00",0.077052927709169,0.117560580668246,0.213926940639269
"726","2015-10-14 15:30:00",0.0747192043629488,0.118144350392912,0.213926940639269
"727","2015-10-14 15:30:00",0.0723800220097766,0.119995299618138,0.213926940639269
"728","2015-10-14 15:30:00",0.0700353550505225,0.12056751099833,0.213926940639269
"729","2015-10-14 15:30:00",0.0676851777055689,0.122901655664262,0.213926940639269
"730","2015-10-14 15:30:00",0.0653294640131098,0.125013891261299,0.213926940639269
"731","2015-10-14 15:30:00",0.0606013228171639,0.126175807341096,0.213926940639269
"732","2015-10-14 15:30:00",0.0582288424635333,0.12762923833044,0.213926940639269
"733","2015-10-14 15:30:00",0.0558507200585659,0.128970360474738,0.213926940639269
"734","2015-10-14 15:30:00",0.0534669287032896,0.130404223987611,0.213926940639269
"735","2015-10-14 15:30:00",0.0510774413059082,0.132104834358515,0.213926940639269
"736","2015-10-14 15:30:00",0.0486822305799534,0.133583675901943,0.213926940639269
"737","2015-10-14 15:30:00",0.0462812690424152,0.135214167843926,0.213926940639269
"738","2015-10-14 15:30:00",0.0438745290118502,0.136554445946683,0.213926940639269
"739","2015-10-14 15:30:00",0.0414619826064663,0.138208692102387,0.213926940639269
"740","2015-10-14 15:30:00",0.0390436017421847,0.140070432017152,0.213926940639269
"741","2015-10-14 15:30:00",0.0366193581306784,0.141733573750814,0.213926940639269
"742","2015-10-14 15:30:00",0.0341892232773866,0.143290979218254,0.213926940639269
"743","2015-10-14 15:30:00",0.0317531684795055,0.144976955886449,0.213926940639269
"744","2015-10-14 15:30:00",0.0293111648239537,0.146860839777209,0.213926940639269
"745","2015-10-14 15:30:00",0.0268631831853137,0.148500223507275,0.213926940639269
"746","2015-10-14 15:30:00",0.024409194223747,0.150196474948191,0.213926940639269
"747","2015-10-14 15:30:00",0.0219491683828847,0.152022249518872,0.213926940639269
"748","2015-10-14 15:30:00",0.0194830758876912,0.153837101257561,0.213926940639269
"749","2015-10-14 15:30:00",0.0170108867423021,0.155785549020316,0.213926940639269
"750","2015-10-14 15:30:00",0.014532570727835,0.157384888610044,0.213926940639269
"751","2015-10-14 15:30:00",0.0120480974001731,0.159266352865702,0.213926940639269
"752","2015-10-14 15:30:00",0.00955743608772126,0.160950236451995,0.213926940639269
"753","2015-10-14 15:30:00",0.00706055588913407,0.162580398124732,0.213926940639269
"754","2015-10-14 15:30:00",0.00455742567101555,0.164366540749407,0.213926940639269
"755","2015-10-14 15:30:00",0.00204801406558959,0.16610823066666,0.213926940639269
"756","2015-10-14 15:30:00",-0.000467710531657581,0.167878663838188,0.213926940639269
"757","2015-10-14 15:30:00",-0.00298977996436744,0.169545788256691,0.213926940639269
"758","2015-10-14 15:30:00",-0.00551822631772611,0.171113576326875,0.213926940639269
"759","2015-10-14 15:30:00",-0.00805308192091415,0.173068870133402,0.213926940639269
"760","2015-10-14 15:30:00",-0.0105943793495867,0.174589123481746,0.213926940639269
"761","2015-10-14 15:30:00",-0.0131421514283855,0.176160604333023,0.213926940639269
"762","2015-10-14 15:30:00",-0.0156964312334823,0.177858749469241,0.213926940639269
"763","2015-10-14 15:30:00",-0.0182572520951559,0.179549180937916,0.213926940639269
"764","2015-10-14 15:30:00",-0.0208246476004017,0.18123665643327,0.213926940639269
"765","2015-10-14 15:30:00",-0.0233986515955746,0.182997043709172,0.213926940639269
"766","2015-10-14 15:30:00",-0.0259792981890662,0.18454679846184,0.213926940639269
"767","2015-10-14 15:30:00",-0.0285666217540171,0.186250700120491,0.213926940639269
"768","2015-10-14 15:30:00",-0.0311606569310638,0.187969635529396,0.213926940639269
"769","2015-10-14 15:30:00",-0.0337614386311211,0.189633520635214,0.213926940639269
"770","2015-10-14 15:30:00",-0.036369002038202,0.191244718538969,0.213926940639269
"771","2015-10-14 15:30:00",-0.0389833826122728,0.192729112023085,0.213926940639269
"772","2015-10-14 15:30:00",-0.0416046160921471,0.194473714211263,0.213926940639269
"773","2015-10-14 15:30:00",-0.0442327384984166,0.196020954885452,0.213926940639269
"774","2015-10-14 15:30:00",-0.0468677861364217,0.197606123126041,0.213926940639269
"775","2015-10-14 15:30:00",-0.0495097955992603,0.199234742251835,0.213926940639269
"776","2015-10-14 15:30:00",-0.0521588037708373,0.200830441310412,0.213926940639269
"777","2015-10-14 15:30:00",-0.0548148478289535,0.202562363242537,0.213926940639269
"778","2015-10-14 15:30:00",-0.0574779652484372,0.204102027686726,0.213926940639269
"779","2015-10-14 15:30:00",-0.0601481938043161,0.205788052550262,0.213926940639269
"780","2015-10-14 15:30:00",-0.0628255715750324,0.207281281258604,0.213926940639269
"781","2015-10-14 15:30:00",-0.0655101369457014,0.208842728581786,0.213926940639269
"782","2015-10-14 15:30:00",-0.0682019286114128,0.210569976244503,0.213926940639269
"783","2015-10-14 15:30:00",-0.0709009855805779,0.212106877006558,0.213926940639269
"784","2015-10-14 15:30:00",-0.0736073471783209,0.213634224969437,0.213926940639269
"785","2015-10-14 15:30:00",-0.0763210530499171,0.215345880163142,0.213926940639269
"786","2015-10-14 15:30:00",-0.0790421431642778,0.216769167131035,0.213926940639269
"787","2015-10-14 15:30:00",-0.0817706578174818,0.218485594729505,0.213926940639269
"788","2015-10-14 15:30:00",-0.0845066376363565,0.220111618377413,0.213926940639269
"789","2015-10-14 15:30:00",-0.0872501235821073,0.221645277437555,0.213926940639269
"790","2015-10-14 15:30:00",-0.0900011569539972,0.223189274906029,0.213926940639269
"791","2015-10-14 15:30:00",-0.0927597793930769,0.224640674778583,0.213926940639269
"792","2015-10-14 15:30:00",-0.095526032885967,0.22610532929014,0.213926940639269
"793","2015-10-14 15:30:00",-0.0982999597686923,0.227810363115902,0.213926940639269
"794","2015-10-14 15:30:00",-0.101081602730569,0.229319459839364,0.213926940639269
"795","2015-10-14 15:30:00",-0.103871004818148,0.230855213943532,0.213926940639269
"796","2015-10-14 15:30:00",-0.106668209439209,0.232422055471307,0.213926940639269
"797","2015-10-14 15:30:00",-0.109473260366818,0.2341454137617,0.213926940639269
"798","2015-10-14 15:30:00",-0.112286201743432,0.235545922092456,0.213926940639269
"799","2015-10-14 15:30:00",-0.115107078085074,0.237108400032535,0.213926940639269
"800","2015-10-14 15:30:00",-0.117935934285551,0.238589367012494,0.213926940639269
"801","2015-10-14 15:30:00",0.0774787908233569,0.119883787098677,0.235844748858447
"802","2015-10-14 15:30:00",0.0728058851239644,0.122604778025327,0.235844748858447
"803","2015-10-14 15:30:00",0.0681110408197566,0.12518940940952,0.235844748858447
"804","2015-10-14 15:30:00",0.0633940509416179,0.126545849972331,0.235844748858447
"805","2015-10-14 15:30:00",0.0610271859313517,0.127795358406605,0.235844748858447
"806","2015-10-14 15:30:00",0.0586547055777213,0.129257337151416,0.235844748858447
"807","2015-10-14 15:30:00",0.0562765831727538,0.130620506019279,0.235844748858447
"808","2015-10-14 15:30:00",0.0538927918174775,0.132162873067645,0.235844748858447
"809","2015-10-14 15:30:00",0.0515033044200963,0.133601958245506,0.235844748858447
"810","2015-10-14 15:30:00",0.0491080936941414,0.13511453727526,0.235844748858447
"811","2015-10-14 15:30:00",0.0467071321566032,0.136773773884564,0.235844748858447
"812","2015-10-14 15:30:00",0.0443003921260382,0.138329828593691,0.235844748858447
"813","2015-10-14 15:30:00",0.0418878457206542,0.1398687389525,0.235844748858447
"814","2015-10-14 15:30:00",0.0394694648563726,0.141618411963854,0.235844748858447
"815","2015-10-14 15:30:00",0.0370452212448664,0.14312483808137,0.235844748858447
"816","2015-10-14 15:30:00",0.0346150863915745,0.144765821245327,0.235844748858447
"817","2015-10-14 15:30:00",0.0321790315936934,0.146465311555494,0.235844748858447
"818","2015-10-14 15:30:00",0.0297370279381416,0.148013479656097,0.235844748858447
"819","2015-10-14 15:30:00",0.0272890462995015,0.149695959634295,0.235844748858447
"820","2015-10-14 15:30:00",0.024835057337935,0.151442371218741,0.235844748858447
"821","2015-10-14 15:30:00",0.0223750314970726,0.153052168136533,0.235844748858447
"822","2015-10-14 15:30:00",0.0199089390018791,0.154733424010165,0.235844748858447
"823","2015-10-14 15:30:00",0.01743674985649,0.156686809053153,0.235844748858447
"824","2015-10-14 15:30:00",0.0149584338420228,0.158187020964762,0.235844748858447
"825","2015-10-14 15:30:00",0.0124739605143609,0.159638647433028,0.235844748858447
"826","2015-10-14 15:30:00",0.00998329920190919,0.161372467228887,0.235844748858447
"827","2015-10-14 15:30:00",0.00748641900332195,0.163063978844748,0.235844748858447
"828","2015-10-14 15:30:00",0.00498328878520338,0.16471739097341,0.235844748858447
"829","2015-10-14 15:30:00",0.00247387717977759,0.16640241770797,0.235844748858447
"830","2015-10-14 15:30:00",-4.18474174697368e-05,0.167992814664894,0.235844748858447
"831","2015-10-14 15:30:00",-0.00256391685017953,0.169688120515155,0.235844748858447
"832","2015-10-14 15:30:00",-0.00509236320353825,0.171296806615108,0.235844748858447
"833","2015-10-14 15:30:00",-0.00762721880672634,0.17288809122281,0.235844748858447
"834","2015-10-14 15:30:00",-0.0101685162353988,0.17453108763792,0.235844748858447
"835","2015-10-14 15:30:00",-0.0127162883141976,0.176164829479518,0.235844748858447
"836","2015-10-14 15:30:00",-0.0152705681192944,0.177659615893571,0.235844748858447
"837","2015-10-14 15:30:00",-0.017831388980968,0.179285176343769,0.235844748858447
"838","2015-10-14 15:30:00",-0.0203987844862138,0.180980379181353,0.235844748858447
"839","2015-10-14 15:30:00",-0.0229727884813867,0.182546795855338,0.235844748858447
"840","2015-10-14 15:30:00",-0.0255534350748783,0.184259496927587,0.235844748858447
"841","2015-10-14 15:30:00",-0.0281407586398293,0.185640866694158,0.235844748858447
"842","2015-10-14 15:30:00",-0.0307347938168758,0.187175470522357,0.235844748858447
"843","2015-10-14 15:30:00",-0.0333355755169332,0.188800721212087,0.235844748858447
"844","2015-10-14 15:30:00",-0.0359431389240141,0.190523108737512,0.235844748858447
"845","2015-10-14 15:30:00",-0.0385575194980849,0.192060206230202,0.235844748858447
"846","2015-10-14 15:30:00",-0.0411787529779591,0.193556055796453,0.235844748858447
"847","2015-10-14 15:30:00",-0.0438068753842287,0.195159820043655,0.235844748858447
"848","2015-10-14 15:30:00",-0.0464419230222337,0.196729734125892,0.235844748858447
"849","2015-10-14 15:30:00",-0.0490839324850724,0.198115699458555,0.235844748858447
"850","2015-10-14 15:30:00",-0.0517329406566494,0.19977596645795,0.235844748858447
"851","2015-10-14 15:30:00",-0.0543889847147655,0.201334551626099,0.235844748858447
"852","2015-10-14 15:30:00",-0.0570521021342493,0.202711120481037,0.235844748858447
"853","2015-10-14 15:30:00",-0.0597223306901282,0.204303406615265,0.235844748858447
"854","2015-10-14 15:30:00",-0.0623997084608445,0.205715587868323,0.235844748858447
"855","2015-10-14 15:30:00",-0.0650842738315135,0.207523201816524,0.235844748858447
"856","2015-10-14 15:30:00",-0.067776065497225,0.208821568951234,0.235844748858447
"857","2015-10-14 15:30:00",-0.0704751224663899,0.210530520786969,0.235844748858447
"858","2015-10-14 15:30:00",-0.0731814840641329,0.212151608987661,0.235844748858447
"859","2015-10-14 15:30:00",-0.0758951899357292,0.213594804721659,0.235844748858447
"860","2015-10-14 15:30:00",-0.0786162800500898,0.215123974155833,0.235844748858447
"861","2015-10-14 15:30:00",-0.0813447947032939,0.216471744006333,0.235844748858447
"862","2015-10-14 15:30:00",-0.0840807745221686,0.21791131627577,0.235844748858447
"863","2015-10-14 15:30:00",-0.0868242604679194,0.219734148322064,0.235844748858447
"864","2015-10-14 15:30:00",-0.0895752938398093,0.221096194046078,0.235844748858447
"865","2015-10-14 15:30:00",-0.0923339162788891,0.222760272717826,0.235844748858447
"866","2015-10-14 15:30:00",-0.0951001697717792,0.224345917209017,0.235844748858447
"867","2015-10-14 15:30:00",-0.0978740966545044,0.225851626979998,0.235844748858447
"868","2015-10-14 15:30:00",-0.100655739616381,0.227275149077617,0.235844748858447
"869","2015-10-14 15:30:00",-0.10344514170396,0.228932201719692,0.235844748858447
"870","2015-10-14 15:30:00",-0.106242346325021,0.230514922091588,0.235844748858447
"871","2015-10-14 15:30:00",-0.10904739725263,0.231912013796427,0.235844748858447
"872","2015-10-14 15:30:00",-0.111860338629244,0.23311511014751,0.235844748858447
"873","2015-10-14 15:30:00",-0.114681214970886,0.234686251874615,0.235844748858447
"874","2015-10-14 15:30:00",-0.117510071171363,0.236301031159715,0.235844748858447
"875","2015-10-14 15:30:00",0.0937547878477418,0.113018346243228,0.254223744292238
"876","2015-10-14 15:30:00",0.0914585755873916,0.113798870021585,0.254223744292238
"877","2015-10-14 15:30:00",0.0891570785991124,0.114704434126291,0.254223744292238
"878","2015-10-14 15:30:00",0.0868502725011974,0.115600071966048,0.254223744292238
"879","2015-10-14 15:30:00",0.0845381327428178,0.116641961791569,0.254223744292238
"880","2015-10-14 15:30:00",0.0822206346024553,0.11762660188592,0.254223744292238
"881","2015-10-14 15:30:00",0.0798977531863156,0.118477549937544,0.254223744292238
"882","2015-10-14 15:30:00",0.0775694634267244,0.119902680753205,0.254223744292238
"883","2015-10-14 15:30:00",0.0752357400805043,0.122038523567424,0.254223744292238
"884","2015-10-14 15:30:00",0.072896557727332,0.122683387037468,0.254223744292238
"885","2015-10-14 15:30:00",0.0705518907680779,0.123796800802558,0.254223744292238
"886","2015-10-14 15:30:00",0.0682017134231243,0.125192027754899,0.254223744292238
"887","2015-10-14 15:30:00",0.0658459997306652,0.126715023491958,0.254223744292238
"888","2015-10-14 15:30:00",0.0634847235449854,0.127846812895898,0.254223744292238
"889","2015-10-14 15:30:00",0.0611178585347192,0.129393225858169,0.254223744292238
"890","2015-10-14 15:30:00",0.0587453781810888,0.1308434620693,0.254223744292238
"891","2015-10-14 15:30:00",0.0563672557761214,0.132468761175749,0.254223744292238
"892","2015-10-14 15:30:00",0.0539834644208451,0.133910698703659,0.254223744292238
"893","2015-10-14 15:30:00",0.0515939770234637,0.13575779091281,0.254223744292238
"894","2015-10-14 15:30:00",0.0491987662975088,0.136863648120401,0.254223744292238
"895","2015-10-14 15:30:00",0.0467978047599706,0.138369515499645,0.254223744292238
"896","2015-10-14 15:30:00",0.0443910647294057,0.139868022295182,0.254223744292238
"897","2015-10-14 15:30:00",0.0419785183240217,0.141506974076153,0.254223744292238
"898","2015-10-14 15:30:00",0.0395601374597401,0.143207208384937,0.254223744292238
"899","2015-10-14 15:30:00",0.0371358938482337,0.145036847582545,0.254223744292238
"900","2015-10-14 15:30:00",0.0347057589949419,0.146784462715875,0.254223744292238
"901","2015-10-14 15:30:00",0.032269704197061,0.147980943357608,0.254223744292238
"902","2015-10-14 15:30:00",0.0298277005415093,0.149525569980702,0.254223744292238
"903","2015-10-14 15:30:00",0.0273797189028692,0.151207186195636,0.254223744292238
"904","2015-10-14 15:30:00",0.0224657041004401,0.154391782393054,0.254223744292238
"905","2015-10-14 15:30:00",0.0199996116052466,0.156033557325584,0.254223744292238
"906","2015-10-14 15:30:00",0.0150491064453905,0.159238632673421,0.254223744292238
"907","2015-10-14 15:30:00",0.0125646331177285,0.161506673083172,0.254223744292238
"908","2015-10-14 15:30:00",0.0100739718052766,0.163228252289502,0.254223744292238
"909","2015-10-14 15:30:00",0.0050739613885709,0.16613535739796,0.254223744292238
"910","2015-10-14 15:30:00",4.88251858978404e-05,0.169444763296183,0.254223744292238
"911","2015-10-14 15:30:00",-0.00500169060017072,0.172871400506935,0.254223744292238
"912","2015-10-14 15:30:00",-0.00753654620335878,0.174186583077139,0.254223744292238
"913","2015-10-14 15:30:00",-0.0100778436320314,0.175811144010647,0.254223744292238
"914","2015-10-14 15:30:00",-0.0126256157108301,0.177303807802489,0.254223744292238
"915","2015-10-14 15:30:00",-0.0177407163776004,0.180482303735004,0.254223744292238
"916","2015-10-14 15:30:00",-0.0228821158780191,0.183621812997647,0.254223744292238
"917","2015-10-14 15:30:00",-0.0254627624715107,0.185143494556742,0.254223744292238
"918","2015-10-14 15:30:00",-0.0306441212135083,0.188778132396816,0.254223744292238
"919","2015-10-14 15:30:00",-0.0332449029135657,0.190092419892538,0.254223744292238
"920","2015-10-14 15:30:00",-0.0384668468947174,0.193556044321083,0.254223744292238
"921","2015-10-14 15:30:00",-0.0463512504188663,0.197292297737216,0.254223744292238
"922","2015-10-14 15:30:00",-0.0489932598817049,0.199239276318207,0.254223744292238
"923","2015-10-14 15:30:00",-0.0569614295308817,0.203410208333759,0.254223744292238
"924","2015-10-14 15:30:00",-0.0596316580867606,0.205060135590606,0.254223744292238
"925","2015-10-14 15:30:00",-0.064993601228146,0.208327058294569,0.254223744292238
"926","2015-10-14 15:30:00",-0.0676853928938574,0.209387999495451,0.254223744292238
"927","2015-10-14 15:30:00",-0.0703844498630224,0.21115927644455,0.254223744292238
"928","2015-10-14 15:30:00",-0.0730908114607654,0.212850812451098,0.254223744292238
"929","2015-10-14 15:30:00",-0.0758045173323617,0.214125925101161,0.254223744292238
"930","2015-10-14 15:30:00",-0.0785256074467223,0.21573453645772,0.254223744292238
"931","2015-10-14 15:30:00",-0.0812541220999264,0.217348732420725,0.254223744292238
"932","2015-10-14 15:30:00",-0.0839901019188011,0.218971509633773,0.254223744292238
"933","2015-10-14 15:30:00",-0.086733587864552,0.21989038469028,0.254223744292238
"934","2015-10-14 15:30:00",-0.0894846212364417,0.221527656810978,0.254223744292238
"935","2015-10-14 15:30:00",-0.0922432436755215,0.223089941446249,0.254223744292238
"936","2015-10-14 15:30:00",-0.0950094971684116,0.224575812549037,0.254223744292238
"937","2015-10-14 15:30:00",-0.0977834240511369,0.225695768502831,0.254223744292238
"938","2015-10-14 15:30:00",-0.103354469100592,0.228657210079751,0.254223744292238
"939","2015-10-14 15:30:00",-0.108956724649262,0.231724258250428,0.254223744292238
"940","2015-10-14 15:30:00",-0.111769666025877,0.23314953878621,0.254223744292238
"941","2015-10-14 15:30:00",-0.114590542367518,0.234500514564516,0.254223744292238
